USE ELEMENTOS;

INSERT INTO ELEMENTO(nombre_elem,peso,simbolo,num_atomico) VALUES ('ELEM1',1.1,'A',1),
('ELEM2',2.1,'B',2),
('ELEM3',3.1,'C',3),
('ELEM4',4.1,'D',4),
('ELEM5',5.1,'E',5),
('ELEM6',16.1,'F',6),
('ELEM7',6.1,'G',7),
('ELEM8',7.1,'H',8),
('ELEM9',14.2,'I',9),
('ELEM10',17.6,'J',10);

INSERT INTO COMPUESTO(nombre) values ('COMPUESTO1'),('COMPUESTO2'),('COMPUESTO3'),('COMPUESTO4'),('COMPUESTO5'),
('COMPUESTO6'),('COMPUESTO7'),('COMPUESTO8'),('COMPUESTO9'),('COMPUESTO10');

INSERT INTO GASEOSO(nombre,coef_exp,temp_lic) values('COMPUESTO1',32.4,23),
('COMPUESTO2',23.1,54),
('COMPUESTO3',54.2,32),
('COMPUESTO4',653.1,12),
('COMPUESTO5',52.2,17),
('COMPUESTO6',31.3,264),
('COMPUESTO7',64,234),
('COMPUESTO8',75.4,212),
('COMPUESTO9',3.4,54),
('COMPUESTO10',75.4,76);

INSERT INTO LIQUIDO(nombre,densidad,temp_evap) values ('COMPUESTO1',32.4,23),
('COMPUESTO2',23.1,54),
('COMPUESTO3',54.2,32),
('COMPUESTO4',653.1,12),
('COMPUESTO5',52.2,17),
('COMPUESTO6',31.3,264),
('COMPUESTO7',64,234),
('COMPUESTO8',75.4,212),
('COMPUESTO9',3.4,54),
('COMPUESTO10',75.4,76);

INSERT INTO SOLIDO (nombre,color,olor,dureza) values ('COMPUESTO1','ROJO','AGRIO',23.1),
('COMPUESTO2','VERDE','FUERTE',23.1),
('COMPUESTO3','AZUL','SUAVE',54.2),
('COMPUESTO4','AMARILLO','FUERTE',653.1),
('COMPUESTO5','ROJO','FUERTE',52.2),
('COMPUESTO6','AMARILLO','AGRIO',31.3),
('COMPUESTO7','AZUL','SUAVE',64),
('COMPUESTO8','ROJO','FUERTE',75.4),
('COMPUESTO9','VERDE','AGRIO',3.4),
('COMPUESTO10','AMARILLO','SUAVE',75.4);

INSERT INTO COMPUESTO_POR(element,compuest) VALUES ('ELEM1','COMPUESTO1'),
('ELEM2','COMPUESTO2'),
('ELEM3','COMPUESTO3'),
('ELEM4','COMPUESTO4'),
('ELEM5','COMPUESTO5'),
('ELEM6','COMPUESTO6'),
('ELEM7','COMPUESTO7'),
('ELEM8','COMPUESTO8'),
('ELEM9','COMPUESTO9'),
('ELEM10','COMPUESTO10');